"type1","type2","wind_34_down","wind_34_50","wind_50_64","wind_64_up","node1","node2","node3","node4","node5","node6","node7","node8","node9","SVI","population","homeownership_rate","hwm","wind_50_up"
207,83,6,1,2,0,46.3890222076325,27.8268790113085,67.5893819150615,142.61959480418,203.231629683432,259.970959712208,313.82734965176,367.950369675413,423.176567957278,0.9134,57455,70.03849,0,2
32,36,6,2,1,0,53.1936442815927,33.4557400894673,55.3503176739862,132.962466904621,195.525485999353,254.975411522357,310.865334331098,367.002279558079,424.222488649888,0.768,22697,73.80405,0,1
66,41,6,3,0,0,52.5592207753909,40.20279403094,74.2265099437589,149.310794076476,212.069183386765,272.745620345718,329.57917733712,386.688626535304,444.865156810335,0.5942,36573,80.53512,0,0
541,551,7,0,2,0,29.0952570420398,25.0435287534811,92.3498690363475,169.51883384192,232.260176922988,292.11332699745,348.209887150779,404.454819818214,461.667131151503,0.7623,216416,70.19434,0,2
34,63,7,0,1,1,6.66536778685186,20.4016731006568,105.087446335962,182.772367040424,244.994543678539,303.588287190395,358.629069274699,413.729559708022,469.731844951448,0.2362,5619,87.04185,0,2
208,73,6,3,0,0,71.6686956145846,62.129197279757,93.6013411486609,157.44137507207,212.640987861776,264.089019285563,314.106372674822,364.69123672605,416.589694329697,0.9733,69725,67.90411,0,0
87,60,6,1,0,2,31.8130805541767,11.0263198406656,75.0936877465723,152.570253720641,214.548272690598,272.893965727192,327.867370317314,383.012394439348,439.174666196109,0.8084,32166,78.2544,0,2
281,94,6,3,0,0,59.2285446793795,43.9364680785296,72.0792724555608,142.018317120354,200.45081833234,255.050029521254,307.413799985772,360.184254214892,414.162256448117,0.7766,242004,68.74447,0,0
50,66,6,3,0,0,89.0630176842342,68.7189554192337,20.9664980689614,97.3157665447702,160.064018817996,220.14147466125,276.632237534498,333.504754944961,391.587929502927,0.9198,129607,65.09051,0,0
185,52,6,3,0,0,74.4268065942409,55.243803747857,49.1913289413455,118.433650130185,177.515779128782,233.112994840152,286.390094680636,340.144608131433,395.174194000523,0.8727,82273,69.07246,0,0
164,65,6,3,0,0,80.1785154911778,67.2034074695649,82.296157429665,142.940263703005,197.482672493845,248.733389175064,298.818169206688,349.607734289366,401.815727594358,0.7896,51604,80.25158,0,0
197,66,7,0,2,0,40.587282274495,33.6586763970046,93.6102523617991,166.44712839599,225.601522416795,280.544588401646,332.930922410398,385.551897534964,439.235638387261,0.8546,57289,76.79689,0,2
0,0,6,3,0,0,66.4662107479277,45.6709127777631,41.7169612460829,118.278097135657,179.903835034173,238.032268736735,293.031406126345,348.354558110032,404.840389516132,0.9994,32307,64.38888,0,0
0,0,6,2,1,0,95.5523922838144,74.8861700345478,21.9761683064455,90.9433042418346,151.511587628496,208.907193776666,263.620041987837,318.834321437255,375.362026983516,0.9373,39616,71.87049,0,1
0,0,6,3,0,0,78.7769483655976,62.37903423395,53.5418562978437,123.737219759,186.119221371799,247.344814228305,304.71022896953,362.500786434718,421.476731265903,0.7801,48582,55.29379,0,0
37,14,1,8,0,0,119.926295016791,116.686455053174,95.4201957739829,80.8386088164281,70.8290063378454,70.5880836642183,65.012549047441,62.5471329364857,70.1900758657895,0.9487,45881,69.83172,3.58,0
15,7,1,8,0,0,107.499746259765,103.247131163659,80.0229194923414,63.2176714051181,50.201222100038,49.6003083583568,44.7347810079313,45.6654299035363,60.8539304221493,0.9268,66759,70.12158,5.33,0
106,54,0,4,5,0,79.2605567100985,75.5573857475906,54.0692898635024,41.2652023730716,41.7587374639184,47.9667179446001,52.0088247485119,62.7643049568634,85.332285652524,0.9682,30612,64.85093,7.725,5
7,0,2,6,1,0,95.3085536141175,89.9130383772705,64.9512780429073,45.645214552961,28.0245174489148,27.4618706848891,25.9770571614908,35.6042440570373,60.4485703598876,0.8987,138277,65.92379,5.25,1
15,5,1,6,2,0,89.3171488984064,82.0156012633125,57.7123767283102,38.6464617762169,16.056275669571,13.0312406985783,25.4670857321295,44.6136424059525,74.2324129518269,0.6771,62232,75.49261,6.86,2
367,570,0,6,3,0,61.9069863359105,55.6946135291177,30.1225204941159,9.89327738382081,20.1710203780124,31.7244469668204,44.5626394024533,63.1755712120904,92.184290206109,0.6102,344105,68.87653,5.2,3
105,114,0,6,3,0,78.0824537390018,72.8260512212171,48.1915086078949,30.0574519945033,23.0637124606681,29.6692960334264,36.1995122516546,50.8144556383772,77.3675486624582,0.9293,31056,69.78358,6.79,3
55,46,0,9,0,0,96.2705294389356,93.2959958261653,73.0903877053275,60.7247173835717,57.4069440614617,60.8933652222382,60.5431774055214,65.5947039426756,82.1299604656385,0.9869,26392,64.56947,2.91,0
3,1,2,7,0,0,123.097312580334,121.074605857624,102.695786517746,91.3216499136392,86.3279180042203,87.8515025220869,83.950953481332,82.7348898012374,89.5616776767247,0.9443,24470,66.63542,5.98,0
46,25,5,2,2,0,90.575602236581,98.2889683570001,117.710312389114,135.570997526461,161.904925096989,173.361458941502,184.818623786597,200.787717983554,225.881597821454,0.7156,47056,70.3009,4.62,2
133,92,0,4,3,2,45.3459312584007,45.1908810679691,37.8338070146095,44.5377841562042,66.0698391791035,76.7656803092492,86.6482862590815,101.759188498284,126.932734785604,0.9446,33151,71.20935,11.42,5
243,210,1,3,3,2,23.1206032008735,16.9048893812819,9.1435253936586,29.8567817959233,57.5189317315565,69.1046262412136,82.9975732487164,102.00153471334,131.04917492599,0.3583,136880,77.84835,10.38,5
327,196,4,3,1,1,68.2328816382869,75.7657369751872,99.9016393142633,120.221614520549,147.914934675762,159.578958890227,172.915777016851,191.060311858598,218.842699621826,0.4255,69438,72.96847,4.2,2
4,2,3,6,0,0,115.337521304605,117.252308389859,110.71663505737,110.679175308214,120.417679759118,126.987300141179,129.247324632181,134.765256492293,147.695593355411,0.3809,73127,75.85383,0,0
216,176,0,3,3,3,42.6804139360489,38.8470236027078,20.3963053225259,23.1355256580728,46.7994392492145,58.1193602235845,69.736907180096,86.8352533614232,114.231020211862,0.9481,55819,72.02356,5.84,6
434,503,4,3,1,1,65.6588338442255,73.3995232708895,93.5676522967048,112.097241825592,138.958374566844,150.536270812461,162.596503201287,179.338179370451,205.489371536194,0.8099,102338,63.02079,6.95,2
140,75,1,6,2,0,72.0304381522215,73.225655419999,66.5122378487411,69.0741198076087,84.4032275837912,93.273421159678,99.5794008187095,110.578931209786,131.049463988862,0.864,333430,53.13829,8.9,2
168,388,2,4,1,2,44.7656445724771,50.3173999649773,60.875119091418,75.7096874254683,100.663873151113,111.879219660245,122.717710551998,138.350506948065,163.533677673346,0.979,58991,68.8348,10,3
10,5,5,4,0,0,122.419153581502,125.921346003145,124.633936814239,128.472920229253,141.985507380694,149.64982195966,153.378947753563,160.35474458145,174.520635935236,0.6197,316979,55.98222,0,0
2,0,3,4,2,0,77.497570007578,83.9994153529484,96.1798794618486,110.309074307632,134.077747432739,144.920331421708,154.615624220118,168.714174241572,191.762411392355,0.9924,21106,69.95161,1.96,2
6,2,9,0,0,0,149.422223932588,150.980768582494,142.488209695505,139.790042652429,145.07354148463,149.748723863686,149.069910930756,150.442269859464,157.19338564513,0.6369,532607,60.89053,0,0
51,21,1,8,0,0,87.893135426173,90.0667930024338,85.5006079302793,88.3715703636283,102.57133322969,110.838383127369,115.910603334049,125.124845691877,143.041004375842,0.7869,134336,62.83905,2.2,0
18,10,0,9,0,0,86.4491113141149,86.1770203944974,73.9098903497899,70.5950912967784,79.2699222496414,86.2135110975669,89.6847818654296,97.7133813841408,115.256887504278,0.8924,54695,69.03151,0,0
18,5,6,3,0,0,110.62097474962,118.410301075671,140.465607259386,159.608755943128,186.721092320243,198.336323257958,210.556473950795,227.336847260505,253.324278241376,0.8627,5026,61.41832,0,0
13,0,2,7,0,0,83.9978361095455,88.283983646376,91.2666949323683,99.6028679133208,118.661473381452,128.24684134018,135.409726178836,146.76518848366,166.783153460336,0.5395,202692,70.98368,8,0
88,193,3,3,2,1,54.0818360752967,61.629050134838,80.3239762004639,98.3695909332503,125.015283019712,136.557684915642,148.467881054526,165.103566831038,191.213816053849,0.8761,9613,70.31968,6.55,3
13,4,1,8,0,0,102.260973644175,103.81004720782,96.5325160304101,96.4659276305655,106.91530359029,113.905602975895,116.955104225217,123.708381401097,138.610484227941,0.8481,61208,66.74834,0,0
40,25,3,3,2,1,62.9442725758694,69.6508113343518,83.4035742750708,98.8389150428941,123.763937628861,134.922391781217,145.492015901076,160.649259731626,185.050306609056,0.9933,55990,58.75814,5.12,3
17,28,1,8,0,0,106.560796979024,106.796640781303,95.2274964100473,91.2626105745928,97.246271065872,102.846346492993,104.047728834459,108.836215123252,121.854894661642,0.3621,98805,76.30551,4.82,0
266,241,1,4,2,2,4.64971508143026,8.02020302963516,29.2186331221326,49.7823006649742,77.4981372645984,89.1162442528994,102.849157555304,121.613138268722,150.334636131261,0.3771,232256,59.93818,5.67,4
363,260,2,4,1,2,36.8226175443714,44.5273690202329,65.1488150432571,84.3569556736462,111.682374047692,123.340541833593,136.034249770766,153.583333600507,180.819374784154,0.7465,196915,54.54368,8.04,3
6,3,5,4,0,0,129.365284222021,132.313946233218,128.892442560334,130.883116758915,142.225713486742,149.14154228353,151.711351901719,157.253978688836,169.582180140889,0.2959,147980,64.4917,0,0
87,68,5,2,2,0,77.2057234886269,85.0011898426557,107.111824144193,126.462586928838,153.747663966413,165.395374447953,177.912359388015,195.119043300586,221.756054185854,0.7162,12633,75.72783,5.92,2
301,501,1,4,2,2,20.2117750504885,25.540465522577,40.0020131112096,58.2277991247577,85.3202611799209,96.9574616258529,109.53319499944,127.09952364701,154.52288024421,0.5478,62017,80.59345,7.02,4
11,1,4,3,2,0,86.3533542294237,93.4466014625456,108.34479701894,123.780516537439,148.403945178799,159.445849234767,169.604746971618,184.141873269332,207.58244774773,0.8242,179575,54.27434,0,2
17,5,1,8,0,0,107.884454713573,106.481920545068,90.0969610251044,81.421300712598,81.6036697137859,85.4212701332216,84.5690818898198,87.460330884339,99.3733842395053,0.9796,44888,66.35657,8.7,0
369,156,0,4,5,0,69.8712747983679,67.9985582282606,51.9900505617968,46.992796703637,57.360772406405,65.571053724533,71.4925854800953,82.9874381124183,105.055387338823,0.9911,131884,65.87819,5.45,5
86,40,1,4,2,2,55.3587087752192,58.4656175600888,59.6323775381552,68.981831974485,90.3007860763476,100.704593845718,109.698013496257,123.479633763289,146.789912294594,0.9723,63345,69.17912,11.32,4
71,43,0,9,0,0,91.7219947962336,90.1089944395522,73.6659598239304,65.877289690787,69.1745929949563,74.6099531817063,76.2764969908168,82.7362407005912,99.3411815622092,0.9936,34751,61.87896,5.09,0
6,3,8,1,0,0,143.209455473597,140.791554259205,121.146716745648,107.907841821162,98.6491182486873,97.9180286081755,91.019213613593,85.0719431666325,84.5361578531354,0.1873,235830,80.08553,0,0
55,30,2,4,3,0,70.7015365524137,76.1658895622448,84.3087560787394,96.42209676796,118.859085011712,129.392765486529,138.446453830822,151.947649265645,174.47639154887,0.9503,123237,61.61243,9,3
3,4,3,6,0,0,90.67626010698,96.5038997712333,105.225329392988,116.917934884009,138.533916171408,148.766871336976,157.071692121229,169.536535824087,190.567722100042,0.936,81392,57.87284,0,0
814,781,1,5,1,2,8.99660852084717,7.23253883038136,38.1876705543736,59.0213738584339,68.1015274649035,77.5503594052211,64.4328109836968,53.7305904966553,41.8547607714789,0.6727,25392,72.14661,4.5,3
25,38,3,6,0,0,118.073550153287,110.243066228234,89.2441007055677,83.2914250761199,71.7658584243159,77.6041676644205,79.5512154197919,71.9327559061624,70.8475379209539,0.5422,29722,74.10893,7.59,0
34,24,7,2,0,0,128.309451059612,114.98542221832,84.3875451904624,67.0735664634253,54.5191415511342,50.5996363422964,61.1320314086491,66.6070849013569,82.829535155246,0.7437,84585,77.41977,6.399,0
47,10,3,5,1,0,51.1459483887996,36.3686853628229,28.8348332767223,37.2638521996134,50.3666575704964,53.5807065971195,42.9621119688541,45.1797927460823,54.7436554549471,0.9201,32592,67.08815,0,1
1265,2685,3,6,0,0,104.676156089134,105.320894480543,101.57779659193,108.186356597946,102.232713363394,112.867001956346,107.66646056919,92.5293251324579,74.6508477149616,0.5186,361853,75.85325,11.85,0
13,12,9,0,0,0,116.745969700135,102.130266867907,70.3740363377807,50.6991828387544,39.9759065590576,32.2894830991331,44.7391769929434,54.9044896798015,75.7132212656569,0.8793,42328,69.10649,5.37,0
229,91,0,6,2,1,34.3081804337882,32.1593566585351,38.6319524295539,55.8551034415876,59.1862635857441,70.9479355700371,59.2484905482028,43.278265578415,20.4952552757921,0.8395,21712,70.10539,3.95,3
320,1106,9,0,0,0,159.54765801488,160.322725987713,154.325161810653,157.780617615827,149.569417772077,158.620657761874,156.124005715049,142.76721881229,127.954465514283,0.2907,41269,82.10065,7.5,0
21,60,2,7,0,0,99.4117965960366,90.5978181632468,68.6623570218947,63.2340208777924,52.2855455059998,59.4213902049914,59.8612767107523,51.3841309348781,51.3945026481848,0.6218,21291,82.12687,6.9,0
31,20,1,6,2,0,69.3855425863221,54.7359127637924,23.1658088888485,9.00090857552235,7.44235719762008,18.2906017908395,7.59976813481646,9.60668026798044,33.8498959082719,0.7988,20180,74.07427,0,2
30,168,2,7,0,0,112.839057408542,101.254076718862,73.5047956187518,60.8401903766149,47.8175496420658,49.6699766397532,55.7040065287142,54.7170540614561,65.0415502410054,0.3095,25119,78.74621,5.85,0
864,3880,3,6,0,0,109.426115440405,106.142824066432,94.4738115150583,96.0715294859851,87.5996909785309,96.7618104060301,94.2154273427027,81.3854966417927,69.5110774675317,0.2725,767712,79.26165,12.08,0
1519,4070,6,3,0,0,132.123962879168,133.515292460344,129.703980704129,135.213778046941,128.279046087052,138.279595938728,134.225532320674,119.746003608841,102.883067674125,0.5696,334633,69.30513,6.53,0
56,9,0,7,1,1,48.3422570930915,32.4529560183659,7.15342367095065,20.9756605569334,32.669218250919,39.7140039883452,26.9070578039376,23.8182316036883,34.1281492861585,0.6568,7552,81.2095,0,2
15,8,4,4,1,0,92.9810108844439,78.3304839341155,46.6039995580908,27.4598749107711,16.1765983497233,10.9759056026419,21.4486066584095,31.4546778740239,53.6784262761825,0.9634,20742,68.24809,6.32,1
24,27,6,3,0,0,160.258833224996,152.509979182825,130.394114475785,121.888215119868,109.368475290694,112.541832594485,117.349669285388,112.372104165739,113.124961863893,0.8672,27955,77.15943,0,0
295,1181,9,0,0,0,192.401305500876,191.384809782472,181.115163949327,181.121289910151,171.186465090003,178.555130416862,178.4711800308,167.210775110189,156.091731846508,0.2178,57117,81.44545,14.25,0
9736,25019,6,3,0,0,136.955742185264,134.085373680659,121.814207650692,121.755239918351,112.158558630085,120.135492421964,119.283255113217,107.731517423699,97.355139870693,0.702,4657972,58.25091,9.63,0
23,4,0,7,2,0,59.8435134071985,53.0722026814821,41.0034196084647,48.5909035172399,45.6685013374096,57.57817723992,49.2752587710605,32.8502343172025,14.934081314881,0.6492,14806,66.96072,13,2
150,155,9,0,0,0,223.367202606101,222.003006239916,210.5452605041,209.293611380666,198.757915083454,205.327518374117,206.268916971314,195.916995162177,186.075587284635,0.7975,35549,73.68863,7.04,0
1339,6394,9,0,0,0,183.203686904821,184.605673881461,179.223000231571,182.615000981568,174.231416816559,183.078206697915,180.874072789684,167.652223144954,152.795633749041,0.8555,256041,64.70536,7.86,0
16,5,1,7,1,0,74.408162388825,58.380170919942,31.9601826064143,19.7385069800713,29.9331456288327,27.3427846794194,22.2165864605156,35.1489653241,56.145728835377,0.873,15556,74.44279,0,1
25,3,7,2,0,0,55.6579916508482,56.8774246155495,79.4335801399501,94.9335014307861,107.594369686421,112.404864598541,100.89920013176,98.2223120990141,95.7337656139798,0.985,30752,56.59012,0,0
8,3,2,5,2,0,83.2401153466364,71.7605909790179,45.5009091362125,37.7909143720121,27.0104151841609,35.4665611511613,34.4328244881064,27.0984055277863,35.7881813598323,0.6145,20028,75.29661,12,2
12,8,6,3,0,0,138.963364479516,127.091776695343,98.4030762605231,83.5979419279471,70.5181928071482,69.1891133897308,77.9518812273162,79.7450607144892,91.2365393862325,0.6129,17109,78.67778,4.16,0
711,1131,9,0,0,0,169.600021441638,167.886520988398,156.795233040929,156.658732218428,146.777179304934,154.285281725179,154.033297841368,142.757337569949,132.007124287352,0.9357,83597,76.27845,9,0
121,122,2,7,0,0,68.1715218980804,68.5899379836895,68.3246867033684,79.096425382993,76.497631846215,88.3259701379454,80.0981083699881,63.4910308283718,41.5829401744794,0.8583,36805,66.42987,6.5,0
686,1304,6,3,0,0,156.5338168536,151.521456272772,134.520482999397,130.368941290409,119.07404570068,124.834622877222,126.813285081782,118.199666937722,112.852019298419,0.3992,571615,73.84146,8.62,0
104,149,9,0,0,0,235.303752499236,234.511445410473,223.978558177113,223.240979374442,212.871084865942,219.624195491565,220.325893967089,209.670601693846,199.163677269201,0.5091,13908,84.11442,7,0
551,243,6,2,1,0,41.3557534542794,39.4635695381188,60.9003749462559,76.8641152406058,89.3682922145518,94.6684653637426,82.8589525854257,79.6892578111726,77.6465407792271,0.8204,361235,60.10277,6.42,1
946,4878,9,0,0,0,203.013182005382,204.127480645402,197.781533540332,200.255086863507,191.350388274933,199.710416732083,198.224145037698,185.559532004127,171.606844838478,0.5858,84971,77.0464,11.6,0
93,108,9,0,0,0,199.853236642555,195.963162078339,180.133158297033,176.005349781836,164.535866840739,169.796846605976,172.333937810722,163.925308572065,157.841283976851,0.9398,48990,76.30247,5.3,0
251,134,0,6,2,1,24.0969293946857,8.29545238864061,23.6195988148265,44.2331528763422,54.0189247585535,62.908792748725,49.8011584753384,40.6039074306384,34.4552682445108,0.8959,7180,73.60877,4.8,3
8,2,9,0,0,0,256.393258879796,253.82460604548,239.701979220408,236.193332936165,224.796174152973,230.032469229345,232.580896315164,223.874085852379,216.558033083,0.6928,10417,88.40902,0,0
179,312,9,0,0,0,179.736981767644,175.260122260348,158.712421094274,154.381613203818,142.91622694216,148.267015195784,150.709737392465,142.367422366432,136.818792122359,0.7138,28231,80.69185,7.4,0
657,305,5,2,1,1,32.8511622227216,24.9970368421073,43.1144040100192,59.5757214996099,71.8656213149047,77.7217477851263,65.5870103605296,61.9027871099505,60.8706615681094,0.7781,67210,66.417,0,2
60,82,9,0,0,0,212.659782606518,210.241584560652,196.952393468247,194.526039381366,183.590411631593,189.64384617351,191.232802016628,181.643247852479,173.291610375885,0.8348,21517,84.98558,5.95,0
526,211,0,6,2,1,48.0230928071532,36.4871146752803,18.25757967113,30.393664479568,33.117278873353,44.8128434557127,33.2629791842172,17.1646523067112,9.03821026883785,0.7424,92045,65.16304,152.407,3
69,43,8,1,0,0,178.755201466146,172.315842102408,152.19335517643,145.01357831211,132.74355939477,136.472054216231,140.705392955868,134.649338625359,133.016904493403,0.6835,72816,56.21465,0,0
98,150,5,4,0,0,130.05966568715,123.554563451308,104.591410241998,99.7735514364455,88.4678400498012,94.4586414039961,96.198098538169,87.8463669672487,84.3165629031159,0.8943,51717,69.01383,6.79,0
196,549,1,8,0,0,84.7461320405402,79.6310865448553,66.4847454286289,69.1529728338519,61.9703039940748,72.2619271214349,67.9191563007716,54.0006309872543,41.8114456358743,0.8325,41837,67.72536,8.55,0
775,482,5,3,1,0,76.047687630347,65.9807144672921,24.4046064720011,24.5206452030442,77.942463674053,121.873609616225,174.474190538108,229.527239964233,282.699833452173,0.4297,128369,84.53587,0,1
364,241,6,2,1,0,65.9989982107707,54.5674005751563,24.0162452838205,44.0728354216508,96.40756727595,141.1197783417,194.010003216232,249.190210539169,302.385258672892,0.7973,20689,78.1067,0,1
837,368,7,2,0,0,98.2820041674231,88.2536733835972,46.2116251847929,15.7448594224665,58.6896289591677,104.475311536169,158.235615771051,214.230780217033,269.405923283501,0.8192,453301,62.61774,0,0
165,85,7,2,0,0,113.781027756709,104.455384036478,61.3388130039484,19.445404986102,40.0779937111881,86.120666817972,140.105838201601,196.328647755833,252.206564163495,0.7581,19338,82.18788,0,0
101,59,8,1,0,0,93.2915230392776,81.1953459975253,58.900074967098,64.2039245408426,105.521725120761,152.289348407132,206.599792113467,263.10226351103,319.384257616212,0.9733,68975,67.90411,0,0
202,82,7,2,0,0,91.9603829806058,80.6698894180464,44.5553121837826,35.1099453093974,78.154186813227,124.619214207137,178.700891771519,234.940638236058,290.553187817044,0.8851,29824,75.09305,0,0
3757,3112,3,3,0,3,41.489317464151,38.0759057150507,25.5610444337323,60.0783947735085,110.455927373073,146.323959056598,193.265865484661,244.095839030622,290.929775630819,0.8154,433688,63.46075,0,3
1702,3850,3,3,2,1,30.4146936782714,22.0509525204216,22.0424428832177,65.1385790418105,118.833635533296,158.398024321809,207.602102788675,259.890893345759,308.405246554191,0.8625,97504,77.99373,0,3
1198,811,5,2,1,1,85.1469982473576,76.4919697584598,33.1446136072312,10.3130383042134,64.3363516226411,106.451508422603,158.338893446362,213.007966804092,265.748981803511,0.543,145830,84.16317,0,2
3615,2262,3,3,3,0,59.9398953755545,57.7400773145016,36.3938881291713,55.3521337941575,99.6024124238493,131.462446340676,176.269114574627,225.943222671116,271.746730782066,0.8364,376971,52.49393,0,3
602,461,4,2,1,2,37.1042675378144,43.8644200095076,58.6284479331988,93.2501852613721,140.700504748217,172.140431531205,214.929824033766,262.309711937244,304.479579701706,0.6604,23303,70.0188,5.2,3
43,26,7,2,0,0,121.210866941555,110.21724630259,71.1821479658692,41.9364282555423,59.6657455152735,105.90903292847,160.135389785665,216.877900248177,274.799050386873,0.7683,20356,77.3937,0,0
616,323,3,3,3,0,57.2474494587403,59.7610419007495,54.4929059841921,78.1720497397499,120.193464159992,148.338485739282,189.602596730691,236.454663291973,278.66360349919,0.8549,44258,71.60409,0,3
648,1098,3,3,1,2,49.1294609776436,42.4713460555513,12.6061945785127,47.6422391440438,99.8692935838474,138.1397477406,186.947411111902,239.193762679267,287.988885218291,0.3294,52282,80.3525,0,3
434,319,6,2,0,1,106.878853156406,98.8384145462417,55.7196913903172,14.1234789968632,41.9195830769036,83.5502826801557,135.872121291618,191.017094602495,244.854804883054,0.9424,10912,72.3328,0,1
398,601,4,3,1,1,63.7803185510364,53.7976410848583,12.6274972172623,34.45093676849,88.7295795140477,131.509937549787,183.300274629621,237.706583077011,289.691899074686,0.5926,19742,82.83625,0,2
880,1591,3,4,1,1,63.3112927625855,55.8186986609374,15.1801363682262,33.1988129735914,85.5018443292491,124.674959869952,174.43763611076,227.508111961693,277.643782341486,0.7011,42094,81.13861,0,2
43,31,8,1,0,0,96.1501765820537,84.2836896768295,54.2621428592159,50.5876950289307,90.1660882701189,136.932778099891,191.244129633399,247.754644641107,304.141042952668,0.7896,51540,80.25158,0,0
257,181,6,3,0,0,75.2824718226394,63.1821059923934,45.5571614573407,62.7021506720271,110.678557828398,156.87619345494,210.709092523993,266.655900389918,321.311077188815,0.8835,48232,67.17267,0,0
1211,724,3,4,2,0,79.7736525117426,76.3192632635624,45.3169571720505,45.0675112491161,81.5469502810421,111.142775315282,155.714804684342,205.769171241219,252.562430586976,0.4793,269388,80.96999,0,2
2151,1761,5,2,1,1,92.4044350461069,85.7684917077012,44.8335885866438,20.4641182926519,58.354152153282,94.7173177148386,144.187138150463,197.522077115252,248.588113286706,0.9217,135217,70.17687,0,2
2009,4535,5,1,3,0,39.7436646382678,27.6473071599571,32.3184228402464,71.3384251368792,125.37553406277,168.512228503093,220.09605546488,274.111476011554,325.037176871619,0.8947,108708,74.89739,0,3
490,220,3,5,1,0,105.736086971912,101.143163934655,64.2407372840754,42.1018464946067,58.874281546934,84.318853804564,129.077325599084,180.119291212602,228.826353309972,0.9784,45133,71.21836,0,1
64,38,7,2,0,0,100.456398721289,89.6484177067167,50.1995869518057,27.7875521541453,65.8397334852315,112.425375754994,166.604372925427,222.96043581242,278.983836764101,0.5939,27792,71.70546,0,0
29,12,7,2,0,0,124.436835232766,114.091053980472,72.6514741694817,36.1851610029722,45.8859435905221,92.3133365247957,146.611998709894,203.335829467607,261.050956668106,0.4472,15494,73.09032,0,0
69,14,6,3,0,0,128.611483421944,120.547652412789,77.3451806736985,34.5339903879479,20.1814128316143,63.5956138363649,117.15330505166,173.169656483976,228.835507548218,0.8686,12637,83.57452,0,0
50,21,3,6,0,0,87.3992964673361,87.2087242787715,65.5797877623205,68.8265971240648,97.6856699930243,119.175027381813,157.538149327138,203.49782416519,245.804117663914,0.5761,46055,81.15951,0,0
130,101,4,5,0,0,102.006333156953,103.463742747894,85.4331785187203,87.3372299649787,109.436379729522,123.869395019008,156.241994988762,198.191498926947,236.540499650343,0.9293,209396,58.03938,0,0
88,78,4,5,0,0,119.061261501869,122.358697918213,109.104248689097,112.084110984439,130.091693795704,138.162810758008,163.381149082009,199.677226543457,232.234706242562,0.7495,143987,73.67317,0,0
51,15,3,6,0,0,105.248122300763,103.326673755512,74.0064829207425,63.398643809952,80.496283047112,97.8879722600103,135.766744732553,182.491897170625,226.468389151145,0.6595,56503,78.71274,0,0
144,28,5,3,1,0,125.195032554406,118.732275850667,77.3153021472136,40.1451024143413,32.0965724328966,61.8241265821639,111.640524618294,165.832088764091,218.746248141807,0.9701,39973,69.62098,0,1
115,13,3,5,1,0,123.247678237127,118.130457616579,79.2930044684266,48.6731975830986,45.9262160698655,66.3572189884743,111.450333387644,163.387337433154,213.655851985007,0.8269,13836,86.03332,0,1
25,1,7,2,0,0,136.713939873263,127.049725329309,84.2825137814024,42.8119740218165,29.3325177073865,74.9815830547984,129.154631857035,185.89991665524,244.033090377871,0.9087,8315,81.03402,0,0
76,117,5,2,2,0,314.476817952293,302.580541731261,247.469088038573,229.621519961311,176.308906534119,89.0531289484688,18.4435625996634,94.5630354803199,170.352868832487,0.4871,266309,55.37995,0,2
9,31,5,3,1,0,353.05690643101,341.116109578114,286.123484026084,268.196024840465,214.522783254377,128.199693967894,48.9903641630409,71.5835560678527,144.048934959123,0.7023,28254,77.51935,0,1
37,122,5,2,2,0,329.599360959593,317.645357397939,262.709584475694,244.757406755918,190.995677565918,105.223733137139,34.8017425594381,89.5788419805776,164.263316980755,0.9089,27142,70.17544,0,2
384,518,1,5,3,0,231.787694948909,219.960227581023,170.039925512522,152.93891107454,103.556092847013,77.9341245982076,129.938538888496,213.260191101117,288.753287502135,0.4266,587769,71.64554,0.1,3
793,589,3,1,4,1,113.566136487707,103.189297188796,73.532467782191,67.2580856971186,76.0045927790192,153.449795640304,238.298905958174,326.759627287712,402.054550130654,0.5985,1934516,62.10725,0,5
51,78,3,2,3,1,146.334112743924,134.460324310312,79.3176757351212,61.5226721797995,13.0345906957829,79.3223673740584,167.277847994322,254.263954088853,327.290324466878,0.4817,181522,75.57708,3.47,4
46,46,4,3,2,0,266.695421699276,254.909328702611,199.718347370856,182.10527003867,129.963521123163,41.7105205763996,46.6162815054652,134.299568422648,208.726573389905,0.6087,145415,79.53176,0,2
68,281,5,2,2,0,330.200870791891,318.19671169855,263.648050745629,245.621320673634,191.551769268427,108.69685740771,49.6072205574838,101.403904985645,174.52839728645,0.3559,212228,74.25214,13.33,2
547,654,2,1,3,3,97.1902127736477,85.2154171736249,36.1443040982927,22.8745153366163,45.5778563019063,133.630380800457,221.748613037043,309.555816292044,383.222677961286,0.4811,372678,67.72827,5.3,6
34,54,5,3,1,0,349.305252531055,337.456083953417,282.282740821723,264.526057928535,211.539337297809,123.689228147715,37.7495503535345,60.9836128334415,136.155417539025,0.859,69999,71.93809,0,1
40,111,3,3,2,1,162.367475721416,150.411044505159,95.5513508334487,77.5569747624824,23.9539283602173,64.391813648795,152.562399577279,240.289183225687,314.081813344816,0.9901,37241,64.44562,0,3
20,11,5,3,1,0,319.677896061729,308.122959213889,253.189600478149,236.054669743117,185.675274437333,98.5589183975542,23.9876227007559,79.6592656063102,151.972629657278,0.8453,16615,77.40342,0,1
329,749,2,5,2,0,350.717293215153,338.697172765817,284.470618180916,266.434726773546,212.327331007085,131.123382001772,69.3395752482455,100.621170855094,169.175922318136,0.6708,937933,59.07883,3.78,2
53,170,2,5,2,0,298.449049670634,286.431653184024,233.061057767994,215.098742861327,161.310572802284,89.0530965719688,72.999800977658,142.794355450434,216.683216904382,0.3352,109999,74.05306,0,2
13,6,5,3,1,0,321.78324057171,310.04094138392,254.86682644553,237.330487052315,185.297110563751,97.0157258471076,9.20393182416292,79.3836424788847,154.616137367254,0.7746,17900,80.46093,0,1
24,18,2,3,2,2,148.637345946501,136.695754440757,86.0741201731311,69.2134874438726,28.9710491960835,92.1538044669909,177.92741296527,266.435549640453,341.422698791238,0.9538,13580,72.0869,0,4
9,0,5,3,1,0,368.669645445454,356.906319457659,301.720709947653,284.130685320816,231.771449085573,143.514825421281,55.4146176449212,37.4615337298305,112.679391143895,0.9844,14364,70.87513,0,1
35,82,3,3,3,0,180.700617079451,168.73057046413,113.943827847064,95.9360859151622,42.0592187357242,47.307828472176,135.128169814426,223.215680484469,297.465627970109,0.9949,27154,68.51174,5.46,3
106,98,2,2,2,3,124.780777791399,112.8953046865,64.1713428976248,48.7165444400042,32.293523028207,113.341130442836,200.414117015014,288.813975594926,363.414555212081,0.9955,41018,67.2901,1.6,5
73,90,4,3,2,0,248.717326281116,236.939283860815,181.750517096108,164.162760757171,112.255846566781,24.345326981677,64.5598829102146,151.833900935295,225.839399219507,0.6157,186704,75.74802,5.1,2
148,167,1,4,3,1,171.162757084075,159.154581711239,106.579716875638,88.8970670709087,37.9030964224325,68.848447678263,153.502119472916,242.013272452796,317.139523483902,0.8516,103852,71.30065,0,4
271,286,3,3,2,1,210.732368076972,198.976457045397,143.799549825917,126.291477584488,75.2777644332708,17.2806438184003,102.538866429239,189.175862046148,262.395470918624,0.6905,1426736,59.60767,10.1,3
49,80,1,5,3,0,198.010778982741,186.361719398983,138.95061945214,122.807889796327,79.4264086245653,89.9390510679563,159.148139148298,245.258242886758,321.046019144175,0.4769,154241,73.19095,0,3
2,3,5,3,1,0,341.797428485767,330.189961078388,275.164226271408,257.901988752494,206.907405574167,119.076425418128,34.1644061627082,57.4110731987576,131.140102199195,0.9449,8602,83.52329,0,1
154,106,4,3,2,0,256.455063035445,244.44287332639,190.072080882298,172.036013624605,117.927991374857,42.5030514781594,72.3498057949847,158.840442476623,234.645594119368,0.6517,345432,71.20357,0,2
458,830,2,3,3,1,126.228959678149,114.339763339461,59.2334331925367,41.3885220180579,15.1615821997251,99.4622906166695,187.407782127679,274.279138133733,347.099954541173,0.6364,740000,65.87072,4.65,4
13,11,5,2,2,0,297.250079469995,285.531553170039,230.376076968765,212.899601033978,161.210608865558,73.0879272657509,17.0830962825992,102.902126180021,177.291881595637,0.8497,40276,73.43293,0,2
93,96,3,3,2,1,184.022773952437,172.362985130914,117.304283576795,100.115986991389,52.1102625005432,44.2008672540336,129.54556520403,215.270222221402,287.605052164587,0.5546,385506,67.81733,0,3
178,211,4,3,2,0,284.748152208418,272.790419861444,217.880088298067,199.916696701671,146.133994775666,61.2020402629211,41.0414971187672,126.335822007094,202.145568127522,0.765,353339,73.52588,0,2
26,34,2,3,4,0,165.40077263872,154.175083176666,112.07629450527,98.337134916812,70.0043883296903,115.86837139976,193.399826562996,280.771078777757,356.562776802385,0.4416,159701,74.63124,0,4
1903,1218,3,1,4,1,84.2658026047588,75.0278127433039,61.6870501558328,63.9429512844629,94.0327042994384,178.496693018107,265.258406513215,353.735863479838,428.499271846966,0.8344,2713295,55.45565,0,5
1237,1856,3,1,1,4,53.6352291598318,42.8626000225232,36.2855409655839,47.4325248067772,94.6201986091316,182.871206840064,271.031969370286,358.690478109765,432.062087933299,0.4728,76483,56.46792,5.45,5
38,62,5,3,1,0,367.729584818645,355.716714143657,301.294165543558,283.260927877184,229.163972917671,146.426554452617,76.6515856692677,89.4541684691255,154.402175177207,0.3286,82925,77.92069,0,1
53,42,2,3,3,1,176.650731860308,164.848778694488,115.933007893845,99.4319799506334,55.9367575933976,85.1878869887218,163.918889241018,251.81912054887,327.511213358686,0.9698,41275,70.64018,0,4
371,316,0,6,3,0,241.534537983062,229.519874643349,176.370636876698,158.462679432209,105.002257438425,50.076534832371,97.4292676769983,182.98515230768,258.77440628657,0.6909,1355921,56.15252,0,3
163,174,1,5,3,0,215.016748546913,203.040407682947,150.968944255982,133.319363620471,81.3934268852448,56.3049646751155,123.33294486836,210.299458329024,286.103602921904,0.8551,353623,58.69926,0,3
574,237,2,3,4,0,140.774273277147,129.81462212535,91.6897444081981,80.3061218896708,66.9210104033795,131.442338900792,213.394257279441,301.509097468406,377.131000833224,0.5718,1470344,66.48902,0,4
217,173,4,3,1,1,233.998413975834,222.235919685929,167.05390444202,149.510968246639,97.9621807689766,12.1533216038855,79.2698745835624,166.160112654311,239.779020145302,0.6367,525141,70.43391,3.5,2
257,122,3,3,2,1,215.967344739797,204.535422276234,149.944366286944,133.302784444628,86.7865416753667,32.5752858611925,101.017546562562,183.696388849852,254.686961405335,0.5174,968341,65.31525,0,3
585,610,3,2,4,0,207.623586557356,195.615824764728,141.21721512958,123.181057704085,69.0726096649488,30.624597852506,112.440746472702,200.951837925837,276.108197411975,0.9277,685368,65.67081,1.38,4
112,138,5,2,2,0,307.409924554777,295.396642584003,241.010786946777,222.975522939462,168.870884120238,88.0162741156894,49.959156919472,119.750944796207,194.41710078842,0.9516,73384,70.79403,0,2
89,88,3,4,2,0,167.545398898951,155.98549028927,101.149104763561,84.3634426038395,40.9737911089617,61.4524170801011,146.522796682549,231.661911972643,303.419723806983,0.2827,419680,72.46193,0,2
161,184,0,6,3,0,253.923989830962,241.918847149873,189.029493944239,171.160873337178,117.861371718994,59.6711739258568,93.3986569086927,176.538503649796,252.127070675452,0.1786,462801,67.20455,0,3
85,187,2,5,2,0,324.762625373665,312.73908228676,258.981972605353,240.972263685849,186.97368810298,109.808043227978,68.185314683074,122.494011738127,194.252281393203,0.0882,243693,76.66989,3.3,2
132,255,2,3,4,0,181.685085846232,170.261890624648,125.625439038814,110.641914919673,74.3266316327361,104.372134072437,178.08711622871,264.80619544812,340.616371065849,0.7676,313163,69.83533,0,4
63,43,4,3,2,0,254.715404675111,242.783055006381,187.771233657545,169.849672313445,116.297596348988,30.9938543052183,62.8714904389507,151.31625434281,226.67700575095,0.2881,124995,89.14719,0,2
16,11,5,3,1,0,351.550162742347,339.83320508608,284.67604401092,267.183133965971,215.241962322957,126.962760281834,38.8975080591162,49.8656611709923,125.548288348922,0.9643,44124,69.65651,0,1
4,11,5,3,1,0,336.528947640394,324.618902571758,269.53603893798,251.663236215248,198.222132702221,111.21513069459,31.712162820749,77.9068178185954,152.926444812785,0.8921,15448,69.01324,0,1
229,292,1,5,3,0,274.578331218838,262.577594341434,209.747260657617,191.878175721628,138.530700113632,74.4916167275615,85.9759226553073,163.79856523583,238.696657754114,0.5896,537868,68.28473,0.1,3
0,0,5,4,0,0,474.933469663912,462.913553990075,408.63365772546,390.597765501727,336.490263600005,253.424665087649,175.222850187859,127.204584993678,138.492291142542,0.7908,75991,54.238,0,0
0,0,9,0,0,0,650.984330525345,640.871331977247,589.940434552778,575.272940982919,532.501359409615,451.869875237296,375.144614428841,295.221184615547,225.362871571668,0.8577,59147,60.7012,0,0
0,0,6,3,0,0,634.188631304876,622.165064052739,568.039849717962,550.004129281599,495.897160366157,412.775897923136,332.094044174874,266.775888520848,235.024836572168,0.8424,56913,71.51984,0,0
0,0,9,0,0,0,965.207680856034,960.227164126409,929.249089594258,922.827250439021,905.400514531311,858.17544592177,818.310976707401,771.545557464545,726.965509696389,0.2362,11481,74.02479,0,0
0,0,9,0,0,0,964.175162094751,958.813750232761,926.224595782054,919.194830337571,899.902584062972,849.909126536265,807.035543539291,757.343700521235,710.335571044748,0.5616,46600,75.75199,0,0
0,0,1,5,3,0,274.578331218838,262.577594341434,209.747260657617,191.878175721628,138.530700113632,74.4916167275615,85.9759226553073,163.79856523583,238.696657754114,0.5896,537868,68.28473,0.1,3
31,80,3,5,1,0,386.716744601291,374.695833175896,320.482564798214,302.44662442954,248.338998704213,166.488227054075,96.2301140775681,94.4117532166787,151.708973610821,0.554,53005,58.66619,4.87,1
7,9,5,3,1,0,379.180589545795,367.20359819661,312.387743959839,294.401895469294,240.489457859404,155.247450342713,76.8184359967945,70.6791035136118,134.213317483784,0.7775,12810,72.55101,0,1
41,60,4,5,0,0,451.580204395388,439.566767327428,386.185141706237,368.202280887656,314.290207556074,235.34972732705,165.652782731449,138.364710499553,166.771902015579,0.6858,289309,55.33349,6.1,0
7,3,6,3,0,0,429.800067416413,417.93775153545,362.776388911688,344.99263122958,291.826652078002,204.184499290657,117.447126607109,51.4128711187185,82.0582833494172,0.9475,42880,66.64704,0,0
38,106,3,5,1,0,404.671183167181,392.647239442351,338.637427888028,320.606851202291,266.5196449033,185.441194769882,115.004761305322,102.840877900453,151.886300198954,0.7851,84675,61.56666,3.14,1
18,16,4,5,0,0,440.575501238391,428.55139330128,374.598654832135,356.569929474316,302.489055630816,221.194227522057,147.730267905729,117.083218962978,148.394326178618,0.8106,61619,43.01486,2.84,0
9,17,4,4,1,0,420.648297203029,408.624930261204,354.818248089095,336.798790101486,282.753156123862,202.406200502912,132.119586031669,113.284368873608,154.838442612051,0.5817,14080,77.20089,0,1
0,0,5,3,1,0,351.896921429093,340.491805390122,285.854697333974,269.010971253154,219.616592175852,133.277390329553,54.2488525135226,51.5624720345437,118.727155733441,0.843,21781,80.63919,0,1
0,0,6,2,1,0,372.469019959249,360.922293408833,305.990831879874,288.83707169164,238.157431558008,150.444983597179,64.6702609322184,27.4525317565351,99.745948046482,0.978,18474,70.95461,0,1
0,0,6,2,1,0,392.230633135083,380.548091368246,325.420661674129,307.985371072095,256.177775956865,167.906149008384,79.8245334076064,12.6312868120532,86.5287150938643,0.901,115404,53.78345,0,1
0,0,6,2,1,0,380.656616170092,368.85776297181,313.665473237397,296.004093487652,243.349186154091,155.218859750251,67.4974385247616,33.310448868836,105.364178061786,0.8914,3914,63.05161,0,1
0,0,6,2,1,0,397.057716571613,385.123302242515,330.105565600733,312.191737798113,258.552040232069,171.963700114222,88.5654552158588,56.2428645799055,113.386037900989,0.9583,35668,62.86952,0,1
0,0,6,2,1,0,390.964551849587,379.099130181489,323.941086918729,306.152204086276,252.995153547095,165.353325971358,79.0531675162886,40.9565499930897,105.170013381382,0.9755,6643,68.62217,0,1
0,0,6,2,1,0,401.739576790271,389.96782787933,334.779112825111,317.167637474302,264.675603268738,176.471029237023,88.4727196371641,24.0190467215512,85.9565969824769,0.9481,10425,58.83228,0,1
0,0,6,3,0,0,415.158455079106,403.317034205289,348.138371789636,330.393612283886,277.384233675337,189.551570228492,102.456618274991,39.8541901987077,85.8548784915428,0.8844,8182,74.59531,0,0
0,0,6,2,1,0,427.068667399401,415.12601542744,360.13526669062,342.208618803714,288.510311033286,202.055931813061,118.152811127794,66.6590952810877,101.729554143556,0.8389,11205,70.59819,0,1
0,0,6,2,1,0,414.085640383615,402.11020452957,347.279460095095,329.298207899102,275.397406441965,189.909969034663,108.710916754231,71.7561905285112,116.592344094324,0.7297,19197,74.82993,0,1
0,0,5,3,1,0,403.433718950038,391.433117399021,336.818322743127,318.799870408899,264.758942832366,180.534768679813,102.974245582479,80.2037499122987,130.899272193444,0.61,18832,78.08496,0,1
140,66,7,1,1,0,54.8234152012947,71.3750023398522,152.923695139328,247.09978116913,307.882969803322,354.536602848577,421.002676092308,485.986492119343,611.707548278857,0.9134,57455,70.03849,0,1
313,200,7,1,1,0,56.8425774003785,40.9149262328396,129.131308397133,225.883948002113,288.423975176872,337.505038530596,406.825587295648,476.529313481648,607.466648695199,0.768,22697,73.80405,0,1
584,447,7,2,0,0,51.0676302803177,33.2252569730563,131.313527148213,229.547600215455,293.560985219399,344.923173824879,416.678229401026,490.156966568925,624.61145969224,0.5942,36573,80.53512,0,0
106,58,9,0,0,0,169.831422000763,88.1636619218507,51.4223059621624,129.488391689249,193.729033419367,249.970214929582,327.548810152731,413.71298356413,561.76974907845,0.9096,237056,61.91002,0,0
2473,3345,7,1,0,1,25.9857628815187,58.4359619437008,156.323761185105,254.502582286639,318.336479266101,369.248880882491,440.32210104624,512.226109396099,644.530308356065,0.7623,216416,70.19434,3.5,1
168,459,7,1,0,1,7.16106145699643,79.8256671217266,176.473879215596,274.301669170174,337.58585123828,387.466971424975,457.236302240484,526.670831526653,656.011579441434,0.2362,5619,87.04185,17.1,1
137,128,6,2,1,0,114.771593944836,44.9642659053637,74.2137145045624,168.382204274878,230.189452589442,278.934356363769,348.623612537558,420.341160014189,554.967802396011,0.5563,22129,76.72805,0,1
31,16,7,2,0,0,155.200284145482,76.3456907046024,34.5969889289191,126.166417712944,188.323774669935,238.103116429678,309.446344108576,384.803352528595,523.949346113428,0.7941,14989,68.2691,0,0
291,224,7,1,0,1,37.8183746221833,61.4175276727253,152.306867604094,248.947518361503,311.281162423411,359.905429448264,428.4974958445,496.587941264492,625.282555654146,0.8084,32166,78.2544,1.1,1
27,3,7,2,0,0,127.274062595151,65.1053571526403,77.2940758901174,164.612121435606,223.984985084011,270.205335552248,337.495868944267,406.045132886683,538.113636385388,0.5983,14812,0,0,0
39,28,8,0,1,0,171.569609727726,90.284223340837,16.8447116220259,108.436325639273,171.472665702157,222.530352581396,295.315904532844,373.297622363451,515.119504021351,0.8224,48259,51.40013,0,1
60,40,8,1,0,0,197.202879615448,123.777090816218,55.5046278496744,101.206889402333,155.412340370293,199.425728836167,266.514423554207,337.675027809551,474.900351714362,0.9058,25430,68.47598,0,0
101,61,7,1,1,0,116.11410256275,33.1572971425162,65.4898000305582,163.697443452414,227.753854719856,279.596786945676,352.428759610665,429.014371678367,568.035817143998,0.838,37349,54.57981,0,1
221,100,8,1,0,0,171.465457458955,96.5782167033248,42.3881509622092,116.817473832527,175.817951550734,222.834986670773,291.919152899004,364.626577818614,502.100165730218,0.8651,160003,59.90652,0,0
471,255,7,1,1,0,92.993941497887,39.43296979838,98.0763275529783,192.477238854105,254.006064634055,302.123830692654,370.838347494885,440.478786970555,572.431655755839,0.9198,129607,65.09051,0,1
74,32,8,0,1,0,106.86703078862,25.4911318528215,81.4341539776688,178.602242005425,243.43161552512,296.951229707016,371.390436795877,450.404358666082,591.230908639911,0.8396,22118,73.78451,0,1
129,52,7,2,0,0,82.6377151523554,75.9169313211499,140.011219193889,229.892898694252,288.644923187277,333.191417955578,397.639312895446,460.25847237938,584.352217585894,0.8727,82273,69.07246,0,0
51,29,8,0,1,0,188.363075514117,108.851122348347,26.605158610422,94.4891634581838,155.524068241331,204.927778122002,276.565304767023,353.448808852444,494.949345126091,0.7301,21124,80.50488,0,1
158,79,7,1,1,0,50.9990844022038,95.7958802041588,180.008797450956,273.899880545034,334.274852932253,380.196237524508,445.545723250754,508.276576179828,630.874622064769,0.8546,57289,76.79689,0,1
215,161,7,1,0,1,78.8839259881681,8.11350672810669,102.734517690379,200.898730922592,264.793005458791,316.101131745794,388.032518782726,462.359079487782,598.345475271685,0.7801,48582,55.29379,0,1
62,33,7,2,0,0,133.373406339565,56.1730196847105,53.1572244850139,147.804631877635,210.192487831117,259.895389164221,330.822206403157,404.918258362534,542.281186886969,0.7323,13721,71.06272,0,0
0,0,7,2,0,0,72.6236088828476,54.0991971919948,127.050699809997,220.760008393542,281.571845717416,328.525592894986,395.64703398108,462.243823317275,590.411990624835,0.9994,32307,64.38888,0,0
0,0,9,0,0,0,137.457251497877,56.0858722736897,61.7157724965722,154.075826517563,219.02680128975,273.997692713688,350.11317103935,432.714132451242,577.252171410903,0.8469,26854,69.57114,0,0
0,0,9,0,0,0,137.877703407992,53.7322870712746,48.0005765832069,144.975506930261,209.784255334057,263.37961791106,338.137910104684,418.358300534333,561.015166920534,0.8129,7619,73.73383,0,0
0,0,7,2,0,0,153.659025008836,70.093635338958,28.3423158894121,126.52756156195,190.946909495298,243.736945189698,317.875857968611,397.450580627252,540.020442397323,0.9408,12899,69.44211,0,0
0,0,8,1,0,0,173.758968980635,90.2330247170114,36.3885517871063,117.379683858615,182.106109525507,237.783201007936,314.811974827943,399.904287662395,547.26560010045,0.6941,128615,66.09113,0,0
0,0,8,1,0,0,175.170455814789,91.0099638293463,22.6000004970361,109.683165705231,174.660549456923,229.475405343767,305.694191210656,389.287352665661,535.563493726053,0.9023,36864,64.92413,0,0
0,0,8,1,0,0,182.396552036093,98.7823062374229,5.02936898881579,98.023104202703,162.680826044127,216.196077895056,291.308960546016,373.190942883508,518.367667595895,0.8043,14109,66.54927,0,0
2363,2144,7,0,0,2,17.127080070097,12.0958997283412,94.085562203864,196.468400949521,304.808056223767,427.956342581373,546.04371422494,677.810507714536,910.96003143736,0.6076,186240,63.63823,11.56,2
372,281,7,0,0,2,29.0401152861511,16.2540080026854,74.9534815560455,176.550891899818,284.450269353199,407.498452061119,524.677565094012,655.781870442885,888.677477087491,0.8401,14543,82.40316,0,2
78,52,7,0,2,0,36.5037184135924,36.1755737426168,98.9523126851143,194.319595757498,299.441333592764,421.37183442452,535.082619119974,663.180446468845,894.545177884909,0.8083,11676,76.24244,7.26,2
234,62,7,0,2,0,57.716819890786,46.7309704446064,55.6494746726866,151.821170069886,258.232887734535,380.816081958414,496.414903003859,626.402623163453,858.846682057736,0.9901,45927,70.57386,0,2
268,353,7,0,0,2,14.4860680464143,17.241770140227,100.154995514795,200.14698993944,307.1789582301,429.89779317715,545.584826931377,675.275698275478,907.450363734388,0.592,16146,72.44031,7.92,2
26,9,7,1,1,0,54.6598539707046,45.5214260373541,77.5389659839236,176.963972920144,285.060714071518,407.784305025204,528.235125636042,662.184507347956,896.146737086015,0.9347,19443,73.52005,0,1
666,364,7,0,2,0,50.0438444989611,37.0497511248632,56.1225886368306,158.51848031897,266.94669356893,390.096133978467,508.691715781137,641.099391752324,874.560960976705,0.9583,48112,71.49058,0,2
38,9,6,3,0,0,69.1962760484666,60.2587439465682,63.6829955069196,151.224945298124,255.145437250205,376.808996666925,490.391185167314,618.796884138748,850.477262768122,0.4943,291657,54.09181,0,0
64,27,7,0,1,1,35.2198755724719,26.9782517036461,78.2047516050002,176.346139560865,282.892960508306,405.465153114215,520.857707784521,650.480601117234,882.684175248272,0.8334,8427,75.66942,0,2
5,2,7,2,0,0,98.7589321862881,93.8705607910657,98.8696252326424,166.800865520302,262.238864409805,380.181815786018,488.187240181921,612.170898251741,841.386424016887,0.8984,21545,81.55334,8.543,0
56,42,6,1,2,0,58.0652844790036,51.9699558927916,80.2864586152149,169.825052294236,273.476765226819,394.908328666897,507.868330076785,635.595825172878,866.855443672466,0.4032,32413,79.48826,9.381,2
144,47,7,0,2,0,37.6989198729656,28.2596659649315,80.3805026929494,182.267024412586,290.745329354959,413.817001256167,533.12737154527,666.035353003838,899.65365793921,0.8939,24793,76.49057,0,2
14,10,7,1,0,1,96.6140893612173,83.7791426992157,10.8331418478563,108.964589313546,216.976233340812,340.084200872457,458.013842905937,590.185195107775,823.632167761353,0.7424,3086,64.53202,0,1
6,6,7,1,1,0,102.45801396782,89.3726562760291,6.61810305196609,105.320939877246,213.806917445496,336.907585246801,456.248586167632,589.575641704535,823.413322837874,0.9774,6353,70.03447,0,1
8,3,7,1,1,0,101.391784540492,88.4426039386307,25.7393411089723,114.791768992034,222.583747667643,345.218909378094,465.918118132259,600.334523913759,834.453041530635,0.9309,2884,66.13881,0,1
16,13,8,1,0,0,146.065400378156,133.383528745163,45.2508303029921,60.1075232036686,167.329643371624,290.361305222584,408.165002924157,540.627605164282,774.255133079927,0.9857,22617,56.44954,0,0
77,21,6,2,1,0,71.1840498095739,58.9084779913234,37.5971282673627,135.305428556229,242.52332418475,365.405834313121,482.05724012462,613.017808720212,845.935639773509,0.9455,26573,58.5732,0,1
37,17,8,0,0,1,113.559820668081,100.783920096168,14.6781997456554,92.0516405147081,199.918554835258,323.010693288684,440.921515002125,573.202784941971,806.716505761067,0.9513,89200,44.41148,0,1
34,16,6,3,0,0,85.2965788603609,72.2084272448016,23.2927353816881,124.182507978058,232.654741085497,355.724854639815,475.188946352751,608.513494661775,842.331348697854,0.9201,10286,63.97855,0,0
15,7,6,2,1,0,84.0766814785894,72.7200477977367,39.9982750200805,127.23503411827,232.611560267994,354.935272777511,470.098815556078,599.964491188426,832.422073556007,0.9258,24774,54.30858,0,1
6,6,8,1,0,0,198.726390510007,186.294976626379,99.1440707125678,24.6345568359329,115.980887128396,238.200316958294,354.661625322879,486.724273266443,720.321589939475,0.8013,47336,61.20137,0,0
28,13,8,0,0,1,127.906817666049,115.006940440463,24.8962366351536,77.7929364160484,186.085565986124,309.236136478791,427.89692616134,560.861240396961,794.620228701359,0.3519,29751,74.10835,0,1
36,16,6,3,0,0,80.5117178036137,67.4986124894481,23.4208521504526,125.566824224319,233.861842354207,357.009037243664,475.335775473511,607.714069070087,841.210683981021,0.7799,5684,64.04908,0,0
38,14,7,1,0,1,99.9521660325643,87.6541400255903,22.7823294241727,107.385332208149,214.007512439945,336.783785641034,453.285750816338,584.359601539817,817.387434149072,0.9879,22135,64.91771,0,1
19,4,8,0,1,0,112.738129028268,99.6664859099584,20.4589436737297,100.647624570317,208.54335473858,331.265027094614,451.819995157414,586.176538510185,820.289589789419,0.9739,6812,57.45589,0,1
85,44,6,2,1,0,65.2329105113473,52.2394277996608,38.7027331758947,140.638387106953,248.814990264509,371.943119331006,489.906695918367,621.891897305693,855.217644789115,0.8344,8270,68.71449,0,1
11,3,8,0,1,0,139.8086834894,126.762707820341,35.9644171093242,68.1786505117092,176.526098305882,299.527197410414,419.445285436194,553.452239946571,787.506566729204,0.9764,29796,56.57977,0,1
11,3,8,0,0,1,120.086982459725,107.014084750795,16.9627204135648,87.9485071036931,196.390864655299,319.439713689645,439.11242505405,572.808297057001,806.767688402139,0.957,8587,50.91812,0,1
5,5,7,2,0,0,97.005871331477,86.4372328107835,48.5336079314738,122.070535468118,224.759738982571,346.227376677152,459.805256707816,588.528306073532,820.475123580001,0.9108,44334,62.80157,0,0
7,3,8,1,0,0,134.449071920424,122.750179137631,49.9745167473484,82.4126498920156,183.745318718969,305.33923054751,419.687296426268,549.4563312402,782.020934701894,0.8809,40542,56.42241,0,0
18,1,8,1,0,0,141.491409428159,129.201763278622,46.6964397025869,68.6218498613007,173.101514221739,295.588219153729,411.736888577773,542.93106363307,776.100875110656,0.9809,7908,66.86275,0,0
28,16,8,0,1,0,126.315805833675,113.977162357702,33.4082089610936,82.0431474652003,187.826520161618,310.498270946023,426.936072835588,558.197399900993,791.358492931614,0.7357,20302,67.77552,0,1
0,0,7,2,0,0,195.750204561663,186.577720417401,130.564346988952,114.653964540264,175.118087423216,282.770223063384,383.766078598319,504.679744318987,732.963958386025,0.6229,18985,78.08496,0,0
0,0,8,1,0,0,114.589217279318,103.160586439222,41.9585965277016,101.137182713921,203.971257897555,325.711673007801,440.028712159671,569.540596442703,801.925956486717,0.9812,45455,59.19499,0,0
0,0,8,1,0,0,156.496268191957,143.622623496819,53.3290796924129,49.150328685228,157.499361420239,280.650401273311,399.651990189117,533.083434472081,767.010664194642,0.9484,13709,64.32009,0,0
0,0,9,0,0,0,175.328455399082,162.389904195701,71.6386416928472,31.2645199067001,139.633698176546,262.686628857498,382.539934510745,516.732468418902,750.855289715463,0.5669,155523,63.59278,0,0
0,0,9,0,0,0,169.885457997955,157.201738302637,68.3514172363368,36.8871546510806,143.510469713978,266.543238825477,384.553579986368,517.378016333172,751.153929617482,0.8459,11080,59.51487,0,0
0,0,9,0,0,0,159.447218389218,147.046630294549,61.5518080567965,51.1050968200176,154.837262178186,277.378553322868,393.86583984891,525.495471898137,758.865899716952,0.8169,8827,71.01556,0,0
0,0,9,0,0,0,158.192705358138,146.329560462773,67.3335634384222,62.5460763367089,160.249299969277,281.492181334731,395.692552315415,525.654375660395,758.377654148452,0.8726,16822,63.37247,0,0
0,0,8,1,0,0,177.37473921338,165.013111765111,79.1125172483274,37.7776858820421,137.464306725828,259.721947123724,375.892090873709,507.497089193736,740.898593742811,0.9223,20793,67.58152,0,0
0,0,9,0,0,0,184.088444353964,171.3722985931,82.0327944530079,22.9144335761549,129.31566533822,252.395473457965,370.757340684273,503.960519426257,737.86124795246,0.7395,12821,74.55254,0,0
0,0,8,1,0,0,242.197439953268,229.668139034042,141.189427861794,42.3234876982637,72.4008381129558,194.477227193129,311.663720151979,444.758213092304,678.714486679622,0.9439,15424,63.6647,0,0
1171,778,6,1,1,1,25.7341828988743,15.0822916624341,35.0408786593748,74.2853281195819,117.209399331301,171.262409449591,249.210491886735,328.573570195586,405.500835761916,0.3552,233140,78.99738,0,2
197,98,6,0,3,0,56.9382356987149,43.9313346164459,2.5314363958762,37.049788470149,79.8816290966532,133.719068256178,211.669363395127,291.190559631027,368.327667625031,0.8924,36665,65.86841,0,3
2268,1124,7,2,0,0,39.2915725581859,35.7772478679471,55.1668600217528,91.5679122303521,133.769451942974,188.453649962297,267.366199393896,347.540767014519,425.100209575353,0.8116,414250,65.97787,0,0
25,44,6,3,0,0,107.990595116352,103.639635228809,95.8627986785921,97.6720021179663,113.034366341712,142.015168375552,199.476623054956,267.003380881005,336.530834551416,0.7339,174461,67.39341,0,0
1140,681,6,1,0,2,28.2311524193203,15.9278103735535,27.2425871022384,65.5507032395501,107.717552892231,160.41559551315,237.038120620441,315.478090032668,391.747421124062,0.7642,322424,64.145,0,2
45,33,5,2,2,0,62.0466210057237,53.4323667866427,39.8568208878556,54.9150002948572,88.370530477048,135.057464960139,207.420261037475,283.484297913562,358.275768470834,0.5449,211809,66.77727,0,2
207,150,6,0,3,0,42.5833135733205,32.2505611429842,25.7210744276865,56.5634926752268,96.5305071611792,147.42803235615,222.678207983574,300.314706459622,376.07263068568,0.5038,189133,77.14747,0,3
22,18,5,4,0,0,81.9457861834979,74.543371148991,59.8333485074894,63.6500569059141,87.6324182490811,127.662957411538,195.541391447389,269.293023698265,342.718379603874,0.7253,75855,74.68625,0,0
